year,payment_method,total_trips,total_revenue
2022,Credit Card,48459305,1067773297.4020171
2022,Cash,12396621,227014073.6616063
2022,Other,261946,6440239.270006817
2023,Credit Card,29146957,866496377.7159673
2023,Cash,6094608,154586114.56006935
2023,Other,367803,9257252.28999982
2024,Credit Card,29874433,889056826.0364528
2024,Cash,5218979,130340143.82008362
2024,Other,534001,14856114.829999447
