avg_trip_distance,avg_fare_amount,avg_fare_per_mile,avg_speed_mph
3.5706179796033526,17.319782671514368,10.634372531016636,11.972601723831088
